Accession,HT.ORL,CIRC.ORL,BF.ORL,BS.ORL,BS.SAV,CIRC.SAV,BF.SAV,RUST.ORL
1-A01,200.0466526,5.048141316,2.166666667,1.583333332,1.527300436,Low,Very low,White
1-A02,326.2045709,8.072040598,2.833333333,1.999999998,1.083333333,Low,Low,Blue
1-A03,284.2196948,7.11186057,3,1.833333332,2.427300436,High,Low,Blue
1-A06,211.4417205,7.592932645,4,1.833333332,1.405979895,Low,High,White
1-A07,211.2536108,5.170886029,3.333333333,1.333333332,1.75,Low,Medium,White
1-A08,212.1260071,5.387704589,3,1.333333332,2.02691801,Very low,Medium,White
1-A09,181.805082,5.088462981,2.833333333,1.583333332,2.333333333,Low,Very low,White
1-A11,165.8885773,4.570715463,1.333333333,1.499999998,1.693584677,Very low,Very low,Blue
1-A13,235.7173547,6.231723695,2.348107598,1.60593905,1.905979895,Low,Low,White
1-A14,251.2216065,6.148518444,2.999503474,1.247163678,1.22740694,Low,Low,White
1-A16,278.9629506,7.513582954,3,0.999999998,1.780979895,Medium,Medium,White
1-A17,195.0151224,5.598387557,2.833333333,1.333333332,1.78917899,Low,Medium,White
1-A18,243.8677027,6.011176437,4.025564868,1.642898694,2,Medium,Low,White
1-A23,224.6623504,6.114740033,2.666666667,1.916666665,1.416666667,Medium,Very low,White
1-A25,252.8661095,5.669445679,3.666666667,1.749999998,2.666666667,Medium,Medium,Green
1-A26,256.7182475,6.318604479,3.166666667,1.999999998,1.86698411,Low,Low,White
1-A27,217.5866903,5.921263295,2.833333333,1.749999998,1.666666667,Low,Medium,White
1-J02,286.0994998,6.608119374,3.5,1.833333332,2.416666667,Medium,Low,White
1-J03,266.9699045,6.685615525,3.5,1.666666665,2,Low,Low,White
1-J04,245.2922962,5.998814006,3.024705242,1.050574428,1.166666667,Low,Low,White
1-J05,238.3281254,6.25375667,4,1.749999998,2,Medium,Medium,White
1-J07,231.898156,5.358394524,2,1.916666665,2.127300436,Medium,Low,White
1-J08,312.2874033,8.091201789,3.833333333,1.916666665,2.392746562,Medium,High,Blue
1-J10,343.8518662,8.339819413,4.333333333,2.124999998,2.611702122,Medium,Medium,White
1-J11,273.1921113,6.949851545,4.333333333,1.749999998,2.296103808,Medium,High,White
1-J13,250.5954073,6.415080387,3,1.416666665,1.427300436,High,Medium,White
1-J14,327.1738549,7.665819275,3.166666667,1.583333332,1.997186724,Low,Medium,White
1-J15,185.7677525,4.544199499,3.166666667,1.583333332,2.333333333,Medium,Low,Green
1-J16,264.5015679,6.054547111,4,1.916666665,2.481603498,Medium,High,White
1-J17,328.9085118,7.6337739,4.166666667,1.999999998,2.083333333,Medium,Medium,White
1-J18,208.2587172,5.047818966,3.624705242,1.550574428,2.5,Low,Medium,Green
1-J19,248.6242615,6.381334808,3.166666667,1.499999998,2,Medium,Medium,White
1-J20,256.0415343,6.030158144,3.333333333,1.583333332,1.916666667,Medium,Low,Green
1-J21,180.7279489,4.899847115,3.333333333,1.333333332,2.127300436,Very low,Medium,Blue
1-J23,222.2200332,5.529712235,2.5,1.833333332,2.611062963,Medium,Low,White
1-J24,233.0257635,6.087129417,3.166666667,1.416666665,2.797186724,Medium,Medium,Green
1-J25,321.6803042,9.241037198,4.666666667,2.166666665,2.416666667,High,High,White
1-J26,269.4331275,6.125466878,4.348107598,2.10593905,2.027300436,Medium,High,White
1-J27,202.6509036,6.482032156,2.554949564,1.306359984,1.627300436,Low,Low,Blue
1-J29,338.3949691,8.594773821,4,2.583333332,2.99748348,High,Medium,White
1-J31,296.4807901,7.445846177,2,1.749999998,2.333333333,Medium,Very low,White
58-861,392.7772978,9.111247435,2.666666667,1.666666665,NA,High,NA,White
6-A01,313.6974217,7.805750005,2.833333333,1.583333332,2,High,Low,White
6-A05,401.2305028,9.552302814,4.333333333,1.833333332,2.583333333,High,High,White
6-A06,251.945478,5.968981109,3.374866019,1.47753383,1.666666667,Very low,Very low,White
6-A09,209.1466028,6.025735206,2.5,1.249999998,1.79748348,Medium,Very low,White
6-A11,277.0217256,7.090393205,2.833333333,1.499999998,1.792746562,Low,Low,White
6-A13,267.212667,7.76927516,4.666666667,1.749999998,1.79748348,Medium,Medium,White
6-A14,425.6919667,9.523217588,4,1.666666665,2.38917899,High,Medium,Blue
6-A15,304.8173375,7.637971694,4.166666667,1.749999998,2.496103808,Low,High,White
6-A16,309.1101832,7.485433447,2.5,1.416666665,1.522776917,Low,Low,Blue
6-A17,210.9273858,6.285382178,2.833333333,2.083333332,2.627300436,Low,Low,White
6-A18,278.9450848,6.728699103,3,1.833333332,1.770599283,Low,Medium,White
6-A19,241.3507695,7.734684089,4.166666667,1.242898694,2.092746562,Medium,High,White
6-A22,218.9900483,5.393346708,3.833333333,1.833333332,2.227300436,Very low,Very low,White
6-A25,258.5300318,7.059087563,1,0.999999998,1.111062963,Low,Very low,White
6-A26,245.2764157,7.447165666,3.833333333,1.583333332,2.580535628,Medium,Medium,White
6-A28,335.3978386,7.916627547,4.166666667,1.833333332,1.596103808,Medium,High,White
6-A29,259.5174323,6.681970832,3.666666667,1.749999998,2.583333333,Medium,High,White
6-A30,248.4175881,6.217803272,2.847169254,1.847064156,2.827300436,Low,Low,Blue
6-A31,311.2201591,8.484776633,2.624705242,2.350574428,2.492746562,Medium,Very low,White
6-A33,226.9717542,5.910788792,3.166666667,0.999999998,1.796103808,Low,Medium,Green
6-J01,248.6425197,6.230168646,3.833333333,2.166666665,2.833333333,Medium,Medium,White
6-J02,287.2946816,7.474927654,3.833333333,1.583333332,1.862787553,Medium,Medium,White
6-J03,298.9236999,7.790355708,4.333333333,1.666666665,2.5,Medium,High,Blue
6-J04,315.4536948,8.085993519,4.5,1.999999998,2.083333333,High,High,Blue
6-J06,311.4908985,8.203871166,3.647169254,1.447064156,2.11698411,Medium,High,Blue
6-J07,214.566338,6.038474555,2.333333333,1.583333332,2.392746562,Low,Very low,White
6-J08,274.7289239,6.728413673,4.166666667,1.749999998,2.083333333,Medium,High,White
6-J10,234.9922095,6.57665405,2.354949564,2.806359984,2.736062963,Low,Very low,Blue
6-J12,258.4426297,6.950001116,2.666666667,1.583333332,2.618337755,Low,Medium,Blue
6-J13,272.9771407,7.461592472,2.666666667,1.999999998,1.650058748,Very low,Very low,Blue
6-J15,397.8310244,9.324739629,4.666666667,2.083333332,2.496103808,High,High,Green
6-J16,318.9984511,7.83431036,3.833333333,1.583333332,2.5,Very high,High,White
6-J17,344.7746609,8.400175143,2.833333333,2.083333332,2.796103808,Low,Low,Blue
6-J18,364.3163119,9.258183745,4.447169254,2.247064156,2.90560895,Medium,Very high,Blue
6-J20,257.1798467,7.355010446,3.5,1.333333332,2.166666667,Medium,Low,White
6-J21,326.7406818,7.899343689,4.166666667,1.499999998,2.292746562,High,High,White
6-J22,293.586015,7.701673969,3.5,1.666666665,2.666666667,High,Medium,White
6-J23,336.0758672,8.576165049,4.247169254,1.947064156,2.997186724,High,Medium,White
6-J24,316.075635,7.832441184,4.247169254,1.947064156,3,High,High,White
6-J25,376.0570196,9.614078742,4,1.416666665,2.196103808,Medium,Low,White
6-J26,289.2588315,7.840366371,5,1.583333332,2.5,High,Very high,White
6-J30,367.1982516,9.053510668,4,1.833333332,1.527300436,Medium,High,Blue
ALL-001,251.4794482,6.279403838,2.847169254,0.947064156,1.083333333,Medium,Low,Green
ALL-002,210.6531318,5.680976657,1.5,0.416666665,1.583333333,Low,Low,White
ALL-005,267.3012833,7.219000702,2,1.916666665,1.916666667,Medium,Very low,White
ALL-006,277.5705485,7.145792229,1.166666667,1.249999998,1.59748348,Medium,Medium,White
ALL-007,254.8172399,7.028787291,4.166666667,1.249999998,1.53060895,Medium,High,White
ALL-008,243.3245401,6.661701577,1.833333333,1.416666665,2.993337755,Medium,Very low,White
ALL-009,230.0467502,6.067488659,1.399503474,1.547163678,1.727300436,Low,Very low,White
ALL-010,200.2699544,6.012226968,2.666666667,1.666666665,2.916666667,Medium,Low,White
ALL-011,289.6468973,7.070928815,2.833333333,0.999999998,2.09748348,Medium,Medium,White
ALL-012,209.8670449,5.994177965,1,0.666666665,0.666666667,Medium,Very low,White
ALL-013,251.9879694,6.329886133,0.5,0.749999998,1.09748348,Medium,Very low,Green
ALL-014,194.2139472,5.76985403,1.333333333,0.333333332,0.583333333,Medium,Very low,White
ALL-015,248.0508914,6.415544654,2.5,1.499999998,2.85430539,Medium,Medium,Green
ALL-016,206.0298549,5.611093389,1,1.333333332,1.89748348,Low,Very low,White
ALL-017,214.5338835,6.256500688,2,1.666666665,2.5,Medium,Very low,White
ALL-019,243.3844305,7.158093644,2,2.083333332,2.99748348,Medium,Very low,White
ALL-020,240.0571024,6.6815114,1.666666667,1.083333332,0.970782537,Medium,Very low,White
ALL-021,197.2219551,6.073608023,1.025564868,0.642898694,1.833333333,Medium,Very low,White
ALL-023,297.5987006,7.256636008,3.312837638,1.241841405,2.083333333,Medium,Low,White
ALL-025,261.8998736,6.391850129,1.666666667,1.416666665,2.59748348,Medium,Very low,Green
ALL-026,227.8837775,6.27380414,2.333333333,0.749999998,1.28917899,Medium,Low,White
ALL-027,270.9320987,6.903236716,1.824705242,1.950574428,2.75,Medium,Very low,White
ALL-029,301.8095896,6.71630275,3.833333333,0.916666665,2.083333333,Medium,High,White
ALL-030,274.6075279,7.197560553,2.666666667,1.749999998,2.083333333,Medium,Low,White
ALL-031,218.6285522,6.430039291,3.666666667,1.083333332,1.333333333,Medium,High,White
ALL-032,258.3721656,6.77373257,2.5,0.999999998,1.10240694,Medium,Low,Green
ALL-033,284.5537928,6.710800261,2.799503474,1.447163678,1.233328088,Medium,Very low,Green
ALL-034,202.0821338,5.810953523,0.833333333,1.333333332,2.297186724,Low,Very low,White
ALL-036,262.6088939,7.142299929,0.5,1.416666665,0.996103808,Low,Very low,White
ALL-037,307.8840647,7.257695704,1.873805536,1.526551364,2.006291696,Medium,Very low,White
ALL-040,251.0564785,7.025758018,4.166666667,1.499999998,1.666666667,Medium,High,White
ALL-041,282.0103104,6.535206054,1.829065607,1.40089547,1.75,Medium,Very low,Blue
ALL-042,301.3104426,6.891677363,0.333333333,1.749999998,1.74198411,Low,Very low,White
ALL-044,204.0734523,5.130796233,1.599503474,1.047163678,0.655979895,Low,Very low,White
ALL-045,315.2836407,7.068297362,2.599503474,1.747163678,2.280979895,Low,Low,White
AST-001,281.0182063,8.142486829,2.833333333,1.999999998,2.083333333,Medium,Low,Blue
AST-002,382.7804657,8.817463761,2.5,2.249999998,2.916666667,Medium,Very low,Blue
AST-003,302.9196908,7.813307138,0.599503474,2.147163678,2,Low,Very low,White
AST-004,292.2516524,7.352991447,2.5,1.999999998,2,Medium,Very low,Blue
AST-005,299.2730556,8.589011052,2.5,2.749999998,2.916666667,Medium,Very low,Blue
AST-006,320.8065108,7.483791071,2,2.416666665,2.833333333,Low,Very low,White
AST-007,253.9807828,6.396703432,1.833333333,1.833333332,1.727300436,Low,Very low,White
AST-008,279.8277552,7.378295476,3,1.749999998,2.416666667,Medium,Very low,Blue
AST-010,308.5549035,7.600133449,3,1.749999998,2.583333333,Medium,Very low,Blue
BDX-002,328.6558509,8.03662758,2.833333333,2.083333332,2.333333333,Medium,Low,White
BDX-003,330.2824649,8.035591845,3.833333333,1.416666665,2.192746562,Low,Medium,White
BDX-005,284.9880234,8.45948821,2,1.749999998,1.916666667,Medium,Very low,Blue
BDX-006,297.2835998,8.275711248,2.5,2.666666665,2.79748348,Low,Very low,Blue
BDX-007,335.8078864,9.067474497,2.666666667,1.999999998,2.916666667,Medium,Very low,Blue
BDX-009,353.8906457,8.79667587,2.954949564,2.306359984,2.527300436,Medium,Medium,Blue
BLR-002,321.0673288,9.031519083,2,2.499999998,1.916666667,Medium,Very low,Blue
BS-05,355.4027131,9.540351808,3.833333333,2.833333332,3,Medium,Medium,Blue
BS-14,223.2218927,7.075361558,3.625564868,2.442898694,1.905979895,Very low,Medium,White
BS-18,202.2217313,6.445086079,4.288626567,2.160002377,2.99198411,Very low,High,White
BS-30,84.2068383,NA,4.425564868,2.542898694,2.833333333,Very low,Very high,Blue
BS-33,311.5302708,7.326769111,3.666666667,2.916666665,2.083333333,Medium,High,White
BS-36,338.2733089,8.048231915,4.166666667,2.916666665,2.692746562,Low,Medium,White
BS-37,232.7235057,5.912607208,4.247169254,2.547064156,2.612416608,Very low,NA,White
BSL-001,308.4686677,7.553532698,3.555555556,1.472222221,2.216746028,Medium,Medium,White
BSL-005,274.0406507,6.454923444,2.833333333,1.999999998,2.827300436,Medium,Low,White
BSL-006,267.4842966,6.585029526,3.333333333,1.583333332,1,Medium,Medium,Green
BSL-007,273.3535462,6.931508252,3.333333333,1.833333332,2.327300436,Medium,Medium,White
BSL-008,218.8460988,6.510070509,2.799503474,1.747163678,1.916666667,Medium,Medium,White
BSL-009,253.0582882,6.678907141,3.333333333,0.999999998,0.84870998,Medium,Medium,Green
BSL-011,371.5064392,7.887604958,4,1.583333332,2.227300436,High,Medium,White
BSL-012,252.687932,6.64906321,2.833333333,1.249999998,0.916666667,Low,Low,White
BSL-013,284.651149,6.507752889,4.666666667,1.499999998,2.096103808,Medium,High,White
BSL-014,260.6629917,6.866003409,3,1.583333332,2.583333333,Medium,Medium,White
BSL-016,235.5384153,6.364170006,3.781335428,1.487577968,1.916666667,Medium,Medium,Green
BSL-017,353.9129749,8.014330922,2.225564868,1.542898694,2.027300436,Medium,Low,White
BSL-018,321.2347723,7.562569361,2.666666667,1.583333332,1.916666667,Medium,Low,White
BSL-019,268.070196,5.68528935,2.545228852,1.06689258,1.007153991,Low,Very low,Blue
BSL-021,288.8364038,6.800161665,3.5,1.166666665,1.827300436,High,Medium,White
BSL-022,247.890826,6.728653405,3.333333333,0.666666665,0.583333333,Very low,Medium,White
BSL-023,209.9947548,4.868898742,2.046139477,0.493871397,1.145599283,Medium,Low,White
BSL-024,218.3155078,5.719671309,4.333333333,0.583333332,0.727300436,Low,High,Green
BSL-025,308.1763646,7.155542369,3,1.416666665,1.5,Medium,Medium,Green
BSL-026,285.4146119,7.478437592,1.548107598,0.70593905,0.68917899,Medium,Low,White
BSL-027,299.0527782,7.222470067,2.833333333,1.833333332,2.196103808,Medium,Low,White
BSL-028,259.4239965,6.493950877,3.166666667,0.916666665,1.19748348,Medium,Medium,Green
BSL-029,291.5674458,7.049561953,3.780260895,1.747172635,1.627300436,Medium,Medium,White
BSL-030,252.8175272,6.101649864,4.166666667,1.249999998,1.083333333,Medium,Medium,Green
BSL-031,301.7838369,6.971968512,4.047169254,1.547064156,1.612787553,Medium,Medium,White
BSL-032,256.2194868,6.542811466,2.833333333,1.222222221,1.497335102,Low,Low,White
BSL-035,313.8751345,7.2297247,4,1.833333332,2.496103808,Medium,High,White
BSL-036,222.5315218,6.029598202,3.566895115,1.157756434,1.407812147,Medium,High,White
BSL-038,333.2360977,7.564330701,3.548107598,1.80593905,2,High,Medium,Green
BSL-039,262.9126042,6.245771434,3.333333333,1.249999998,2.25,Medium,Medium,Green
BSL-040,223.6956436,6.054478308,4.025564868,1.333333332,1.280979895,Medium,Very high,White
BSL-042,228.8208254,7.375026121,3.666666667,0.833333332,0.827300436,Medium,Low,Green
BSL-043,255.1601752,6.577736673,2.666666667,1.416666665,1.427300436,Low,Low,White
CTR-001,266.7106457,6.935438673,1.916666667,2.166666665,2.596103808,Very low,Very low,Blue
CTR-005,201.7399022,6.48090186,2.166666667,0.999999998,2.083333333,Low,Very low,Blue
CTR-006,311.5786386,7.60510849,3,1.749999998,2.833333333,Medium,Low,White
CTR-007,284.8621172,7.48855956,2.225564868,1.942898694,2.583333333,Low,Very low,Blue
CTR-009,347.7869757,8.571267872,2.5,2.350574428,2.833333333,High,Very low,White
DRA-001,255.9254061,6.293986688,2.999503474,1.347163678,1.279255305,High,Low,White
DRA-002,221.0006173,6.385677108,2.5,1.166666665,1.416666667,High,Low,Green
DRA-003,268.599413,6.538959362,4.166666667,0.666666665,1.027300436,High,Medium,White
DRA-005,247.6026508,6.222793079,3.666666667,1.333333332,1.427300436,Medium,Medium,Green
DRA-006,240.3456698,5.869989515,3.666666667,1.833333332,1.833333333,Medium,Medium,White
DRA-009,276.409315,6.765631433,3.024705242,1.250574428,1.916666667,Medium,Medium,White
DRA-010,299.105079,6.846256854,3.666666667,1.333333332,2.027300436,Medium,Medium,White
DRA-011,256.5991773,6.403932745,3.047169254,1.447064156,1.88917899,Medium,Medium,Green
DRA-012,251.5904628,6.812235325,3.5,1.749999998,1.333333333,Medium,Low,White
DRA-013,302.460315,6.869304665,3.024705242,1.550574428,2.583333333,High,Medium,White
DRA-014,295.6225052,7.452459971,3.548107598,1.50593905,2.75,Medium,Low,White
DRA-017,237.6427783,5.845189596,2.333333333,0.916666665,1.083333333,Medium,Low,Green
DRA-019,277.4700605,7.425923633,1.666666667,1.333333332,1.770599283,Medium,Low,White
DRA-020,311.726485,6.573335153,2.847169254,1.447064156,0.896103808,Medium,Low,White
DRA-021,217.7450398,5.659736275,3,1.499999998,1.583333333,Medium,Low,White
DRA-022,257.353555,6.033442106,3,0.999999998,1.75,Medium,Medium,White
DRA-023,240.893376,6.246657971,2.825564868,1.442898694,1.25,Medium,Low,White
DRA-024,341.9907836,7.634412447,2.5,1.333333332,1.29748348,High,Low,White
DRA-025,332.1823026,7.161621872,2,1.333333332,1.396103808,High,Very low,White
DRA-028,245.2754516,6.737380389,3.166666667,1.083333332,1.89748348,Medium,Medium,White
DRA-029,327.9182455,7.815336937,3.166666667,1.999999998,2.416666667,Medium,Medium,White
DRA-030,308.063386,8.165861289,4.166666667,1.583333332,1.916666667,High,Medium,White
DRA-031,258.7815197,6.472273057,2.833333333,0.999999998,1.333333333,High,Low,Green
DRA-032,295.6716959,6.940932894,2.666666667,1.083333332,1.396103808,High,Low,White
DRA-033,235.0088451,6.441626506,3.754949564,0.806359984,1.5,Low,High,White
DRA-034,254.9437771,7.24994453,3.424705242,1.350574428,1.78917899,Medium,Low,White
DRA-035,217.5344997,6.509485896,2.5,0.416666665,1.083333333,Medium,Low,Green
DRA-038,278.8270908,6.956058047,2.666666667,1.499999998,1.416666667,Medium,Very low,Green
DRA-039,234.9023412,6.24245283,3.878821453,1.015373795,2.097186724,Medium,Low,Green
DRA-040,327.4071062,7.314242511,3,1.416666665,1.99748348,Medium,Low,White
DRA-041,283.2014806,6.901307801,3,1.583333332,1.75,High,Low,Green
DRA-043,262.0704334,6.616701915,2.666666667,1.083333332,1.083333333,Medium,Medium,Green
DRA-044,221.859155,6.293429263,2.333333333,1.083333332,1.823665076,Medium,Very low,White
DRA-045,329.5315452,7.62531343,3.833333333,1.749999998,2.092746562,Medium,Medium,White
DRA-046,217.5078796,6.439521542,4.5,1.106359984,1.996103808,High,Medium,Green
71091-2,183.2056663,5.185964712,4,1.450574428,NA,Low,NA,White
71099-R6,210.666184,5.043277743,4.166666667,1.249999998,NA,Low,NA,White
71092-19,246.1074328,6.790080477,3.744096065,1.44125401,NA,Low,NA,White
71092-36,222.0443144,5.51952086,3.742357095,1.219252405,NA,Very low,NA,Blue
71096-2,280.1098024,6.6385638,4.333333333,2.249999998,NA,Low,NA,Green
71096-R4,264.3011246,7.354064263,4.333333333,1.749999998,NA,Medium,NA,Green
ERS-002,369.8588419,8.649546375,4.5,1.166666665,1.916666667,High,High,Green
ERS-004,418.3206521,9.313601101,4.333333333,0.999999998,1.627300436,High,High,White
ERS-005,314.1087756,7.656619664,4.333333333,1.333333332,1.5,High,Very high,White
ERS-006,308.9759876,7.959983956,4.833333333,1.166666665,1.25,High,High,White
ERS-008,250.7596972,7.041150699,3.666666667,1.666666665,1.29748348,High,Medium,Blue
ERS-010,296.1785847,7.866283383,3.833333333,0.999999998,0.833333333,Medium,Medium,White
ERS-011,229.5208553,6.572815322,2.916666667,0.999999998,0.547195525,Very low,Low,Green
ERS-013,333.4965208,7.921505828,4.829802213,1.428590315,1.327300436,Medium,High,White
ERS-015,328.9698779,8.179698965,4.833333333,0.749999998,0.741613165,High,Very high,Green
ERS-016,247.1531582,7.441578474,4.166666667,0.833333332,0.89748348,High,Medium,Green
ERS-017,325.0142463,7.806784581,4,1.249999998,1.416666667,Medium,Medium,White
ERS-018,270.056909,7.073690294,4.5,0.999999998,1.89748348,Medium,Medium,White
GLY-002,273.2194972,6.190901203,2.22564304,1.18657335,1.69748348,Medium,High,Green
GLY-003,234.7521652,6.817618027,2.5,0.583333332,1,Medium,Low,White
GLY-004,199.0468053,6.349962561,2.833333333,0.666666665,1.392746562,Low,Low,Green
GLY-006,224.4473712,6.055541771,2.5,0.833333332,0.916666667,Medium,Low,Green
GLY-008,266.9234685,6.61105185,2.5,1.083333332,1.416666667,Medium,Low,White
GLY-009,291.0315433,6.852006747,3.166666667,1.083333332,0.75,Low,Low,White
GLY-010,345.0487556,8.053875586,3.833333333,1.333333332,2.583333333,High,Medium,Green
GLY-011,271.6791357,6.400768462,1.599503474,1.047163678,1.405979895,Medium,Very low,White
GLY-012,259.368874,6.452622133,0.666666667,0.999999998,1.25,Medium,Very low,White
GLY-013,223.1060911,5.937618504,2.825564868,0.942898694,1.333333333,Low,High,Green
GLY-015,195.8420245,6.128936443,4.024705242,0.750574428,1.166666667,Low,Medium,White
GLY-018,240.5463512,6.295969295,2.666666667,0.999999998,2,Medium,Very low,White
GLY-019,180.7253835,5.264126315,2.225564868,0.442898694,1.19748348,Medium,Very low,Green
GLY-021,258.6494442,7.43961448,4,1.166666665,1.75,Medium,Medium,White
GLY-022,258.2630808,6.457539937,3.666666667,1.166666665,1.29748348,High,Low,Green
GLY-024,251.3770057,6.240341871,3.118963283,0.74133711,0.727300436,Low,Low,Blue
GLY-025,265.4998535,6.321234717,3.833333333,1.166666665,1.75,Medium,Medium,White
GLY-026,275.9590433,6.532309422,1.833333333,1.166666665,0.833333333,Medium,Very low,White
GLY-027,291.6140042,7.521052059,4.666666667,0.999999998,1.083333333,Very high,Medium,Green
GLY-028,330.8871272,8.787523677,4.333333333,1.416666665,1.833333333,High,Medium,White
GLY-029,300.2552176,7.357120604,4,1.416666665,1.327300436,Medium,Low,White
GLY-030,250.7668163,6.88320833,4.666666667,1.291666665,2.110023499,Medium,Very high,Green
GLY-036,262.9996629,6.805517153,2.833333333,1.499999998,1.833333333,Medium,Medium,Green
GLY-039,211.0384918,5.899049543,2.666666667,0.708333332,1.057863835,Low,Low,White
KUH-10,256.8239775,7.080503698,1.431280661,0.613763997,1.02786021,Medium,Very low,White
KUH-13,278.1677525,6.944000962,2.847169254,0.647064156,0.5,High,Low,Green
KUH-14,285.6658015,7.809765109,2.424705242,0.950574428,0.900058748,High,Low,Green
KUH-15,251.9711695,6.827506466,2.75,0.458333332,0.416666667,Low,Low,Green
KUH-16,214.9313188,6.058729748,2.833333333,0.777777776,1.373334439,High,Low,Green
KUH-1,283.4387001,7.475192877,2.573876702,0.981396821,0.840561572,High,Low,Green
KUH-25,244.5346625,6.82104138,2,0.249999998,0.833333333,High,Very low,Green
KUH-29,330.700796,7.6328075,2.166666667,0.916666665,1.89748348,High,Very low,White
KUH-36,296.3285849,8.313515166,2.833333333,0.749999998,1.166666667,High,Very low,White
KUH-37,273.8794271,7.427692708,2.824705242,0.750574428,1.08917899,High,Low,Green
KUH-39,272.8073359,7.209538693,2.5,0.749999998,1.858328088,High,Very low,Green
KUH-4,297.8688014,7.34455497,2.333333333,1.249999998,1.527300436,Medium,Low,White
KUH-40,279.2743644,7.553862689,2.5,0.583333332,1.25,High,Low,Green
KUH-42,287.3184114,7.21962599,3,0.749999998,1.530979895,High,Low,Green
KUH-43,308.38135,7.74489628,1.399503474,0.647163678,1.19748348,High,Very low,White
KUH-44,195.720928,6.05597567,1,0.249999998,0.416666667,Medium,Very low,Green
KUH-47,230.847165,6.584279517,2.333333333,0.833333332,0.583333333,Medium,Very low,White
KUH-49,334.4418479,8.082074093,2.666666667,0.499999998,0.497186724,Medium,Medium,White
KUH-5,303.1295864,7.885599962,2.166666667,1.166666665,0.833333333,High,Very low,White
KUH-50,227.5524009,6.656807826,2.58984312,0.872048233,1.29748348,High,Very low,Green
KUH-51,236.2790941,6.479866337,2.833333333,0.999999998,1.333333333,High,Low,Green
KUH-52,268.158885,8.031771778,3.647169254,0.647064156,1.416666667,Medium,Very low,Green
KUH-53,320.7400744,8.341062443,2.495732273,0.90089547,1,Medium,Very low,White
KUH-54,250.3107254,7.276709743,2.5,0.499999998,0.497186724,Medium,Very low,White
KUH-55,336.6361885,8.451985792,2.166666667,1.083333332,1.083333333,High,Low,Green
KUH-56,226.5324597,6.530797111,2.824705242,0.750574428,0.761165076,High,Very low,White
KUH-7,262.1894875,6.510703268,3.666666667,0.416666665,0.5,Medium,Medium,White
KUH-8,282.5005173,7.280361132,3,0.749999998,1.083333333,Medium,Low,Green
KUH-9,257.1858001,7.328079294,1.954949564,0.706359984,0.666666667,High,Very low,Green
92501,264.2747361,6.283165095,2.5,1.666666665,2.36698411,Very low,Low,Green
92509-2,266.7362967,6.765376284,2.833333333,0.999999998,1.127300436,Low,Low,White
92510-3,259.8213068,6.81594897,3.166666667,1.416666665,2.25,High,Medium,White
92510-24,350.3761509,7.822106769,3.58984312,0.872048233,1.083333333,Medium,Medium,White
92511-3,285.9130394,7.103337745,2.333333333,1.083333332,1,Medium,Low,White
92519-1,310.1297241,7.913237959,4,1.499999998,1.833333333,High,Medium,White
92519-8,225.0803743,6.439624384,3.799503474,0.747163678,1.096103808,Medium,Medium,White
92502,292.0377939,6.866763833,4,1.499999998,2.583333333,Medium,High,Green
92520-1,226.2076281,6.113418722,1.5,1.249999998,1.396103808,Low,Very low,Green
92520-6,307.933613,7.086788947,1.833333333,0.833333332,1.895599283,Medium,Low,Green
92520-7,251.2666258,6.728086704,2.824705242,1.250574428,1.227300436,Medium,Medium,Blue
92522-2,293.4048517,6.246984891,2.333333333,1.416666665,2.397186724,Medium,Very low,Green
92524-1,308.7429597,7.150133705,3.666666667,1.499999998,1.75,Medium,High,White
92524-2,251.8978983,6.284332212,2,1.416666665,1,Medium,Very low,Green
92524-3,189.1769304,5.443876416,1.5,1.249999998,1.75,Low,Very low,Green
92503,307.6339021,7.238491635,3.354949564,1.506359984,1.397186724,Medium,Medium,Green
92525-57,249.88471,6.574868295,2.5,1.083333332,1.166666667,Low,Very low,Green
92504-2,296.583136,7.100578294,2.024705242,1.550574428,2.096103808,Medium,Very low,Blue
92505-1,252.0613227,5.794212444,2.024705242,1.050574428,1.083333333,Medium,Low,White
92508,287.9813466,8.372662231,4.333333333,1.083333332,1.833333333,Very high,Medium,White
99582-1,273.9992682,6.463870534,3,1.833333332,2.666666667,Medium,Low,White
99582-2,336.7205075,7.615837816,4.166666667,1.806359984,1.297186724,Medium,Low,White
99583,263.5363936,7.322274526,2.333333333,1.499999998,1.427300436,Low,Low,White
99585,180.4216769,5.797653904,4.333333333,0.916666665,0.88917899,Medium,Medium,White
99587,249.2232713,6.898187854,4.166666667,1.249999998,1.5,High,High,White
99588,283.6636045,6.842327886,2.333333333,1.416666665,1.75,Low,Low,White
AFO-673,290.6474855,7.215863423,3.636367061,1.944981425,2.861865367,Medium,Low,White
99576,220.3888115,5.401025331,3.148107598,0.90593905,2.027300436,High,Medium,White
AFO-675,216.7837267,5.193360493,1.416666667,1.275618174,2.18917899,Medium,Low,White
AFO-676,250.14435,6.877782379,3.5,0.916666665,2.029255305,Low,Very low,Green
99577-1,214.5664255,5.823792926,3,0.999999998,1.583333333,Medium,Low,White
99577-2,314.5562827,7.561350478,4.333333333,1.749999998,1.996103808,Medium,Low,White
99578-2,229.5667676,5.958100572,2.709354669,0.626738965,0.655088364,Medium,Low,White
LRD-001,201.7280025,6.224821433,2.166666667,1.749999998,2.497186724,Low,Very low,White
LRD-002,260.7486043,7.193124772,2,2.166666665,3,Medium,Very low,White
LRD-003,285.0482506,6.724228014,1.833333333,2.249999998,2.916666667,Low,Very low,Blue
LRD-004,252.9334483,7.278090391,2.166666667,1.499999998,2.25,Medium,Very low,Blue
N-1,350.8648016,8.483049013,4.447169254,1.647064156,2.583333333,High,High,Blue
N-11,332.2576066,7.731314446,2.833333333,1.499999998,1.333333333,High,Medium,White
N-12,379.0038944,8.229135863,1.166666667,1.666666665,2.28917899,High,Very low,Green
N-15,345.3597576,8.224447226,4.5,1.249999998,1.333333333,High,High,White
N-17,324.489211,8.233619339,4.247169254,1.847064156,2.427300436,High,Very high,White
N-19,448.0006793,10.11064086,4.5,1.833333332,2.99748348,Very high,Very high,Blue
N-2,377.7413653,8.469734961,4.748107598,1.50593905,2.427300436,Very high,High,White
N-22,400.0340206,9.651736558,4,1.749999998,2.583333333,Very high,Low,White
N-23,365.213493,8.366798281,4,1.416666665,2.796103808,Very high,Very high,White
N-28,338.131384,7.595190107,3.833333333,1.333333332,2.333333333,Very high,Medium,Green
N-29,446.1463447,10.48134136,3,1.916666665,2.5,High,Medium,White
N-3,349.2303453,8.014625167,2.71601605,2.19564185,2.996103808,High,Low,White
N-30,415.0275522,9.620301263,3.166666667,1.666666665,1.333333333,High,Medium,White
N-33,392.8420759,9.234619749,3,2.083333332,2.892746562,High,High,White
N-35,309.2961175,7.107537004,4,1.583333332,1.916666667,High,Low,White
N-36,340.3150427,9.003936287,4.5,1.583333332,2.75,Very high,Medium,White
N-38,385.4302238,9.115519046,2.833333333,1.499999998,2.083333333,Very high,Low,Blue
N-39,378.3206173,9.876813598,4.166666667,1.916666665,2.397186724,High,Medium,White
N-42,345.8969936,9.035580357,3.199503474,1.247163678,2.627300436,Very high,Low,White
N-43,406.5433095,9.074135662,4.166666667,1.583333332,1.197186724,High,Medium,White
N-45,385.9917694,9.512573352,4,1.166666665,1.666666667,Very high,Medium,White
N-46,359.0137482,9.476079129,4.102529485,1.701317587,2.63459264,Very high,Medium,Blue
N-49,393.8026134,9.240403648,3.833333333,1.624999998,2.827300436,High,Medium,White
N-5,352.2714642,8.543562113,4.5,0.999999998,0.833333333,Very high,Very high,White
N-50,415.5206747,9.875694259,1,2.083333332,2.666666667,High,Very low,White
N-54,385.5707129,9.618603352,3.047169254,1.147064156,2.166666667,Very high,Low,White
N-56,301.3457017,8.110576317,2.31E-18,1.499999998,1.916666667,High,Very low,White
N-57,367.5111015,8.824340609,3.666666667,2.083333332,2.99748348,Very high,Medium,White
N-58,298.7452757,7.744308684,4.201059409,1.12671207,2.027300436,High,Medium,White
N-59,368.8676929,8.735450546,4.166666667,1.833333332,2.86698411,Very high,High,White
N-60,323.8437634,7.467907316,4.333333333,1.666666665,2.166666667,Very high,Very high,White
N-61,271.68044,7.425233513,4.554949564,1.706359984,2.833333333,Very high,Very high,Blue
N-62,301.6500016,7.655181388,3.65796721,1.500278147,2.39748348,Very high,Medium,Blue
N-63,455.2094062,10.48904791,3.224705242,1.950574428,2.733328088,Very high,Medium,White
N-66,318.1577434,8.320299589,3.025564868,1.542898694,2.666666667,High,Medium,Blue
N-8,389.2421644,8.852321793,4,1.666666665,2,Very high,Medium,White
NL-1045,238.3459627,6.759534149,3.025564868,0.242898694,0.166666667,High,Low,Green
NL-1061,389.2697676,9.097498585,4.166666667,1.833333332,2,Very high,High,White
NL-1068,265.5008157,6.824214914,2.5,0.999999998,1,High,Low,White
NL-1081,216.305727,6.828148458,2.736990232,0.440493617,0.560632527,High,Medium,White
NL-1138,292.8263061,8.049525496,2.738893122,0.337681224,0.666666667,High,Low,Green
NL-1171,259.2093847,6.978040723,1.5,-1.67E-09,0.166666667,High,Very low,White
NL-1250,296.5684875,8.270560263,2.404761905,0.142857141,0.46239206,High,Low,White
NL-1322,203.3397614,6.449824007,4.333333333,0.749999998,0.666666667,High,Medium,Green
NL-1324,217.1585639,6.440717278,2.599503474,0.047163678,0.25,High,Medium,Green
NL-1328,264.9845046,7.049963598,1.647593292,0.432079285,1.296103808,High,Very low,White
NL-1379,332.937644,8.206628908,2.5,0.374999998,1.166666667,High,Very low,Green
NL-1400,243.2734797,6.820643523,2.5,0.166666665,0.7715834,High,Low,Green
NL-1421,382.1885361,8.765838049,2.5,0.666666665,0.416666667,High,Very low,White
NL-1531,230.6775832,6.660793164,1,0.374999998,0.999172566,High,Very low,Green
NL-1682,276.5774897,7.404196196,2.833333333,-1.67E-09,0.486062963,Medium,Medium,White
NL-1740,297.7345939,8.01292155,1.666666667,0.416666665,0.543683549,Medium,Very low,White
NL-2019,232.8545117,6.197337844,1.166666667,1.083333332,1,Medium,Very low,White
NL-639,277.2609592,7.928451337,2.754949564,0.306359984,0.727300436,High,Low,White
NOH-001,226.5605795,6.96635246,0.666666667,1.666666665,1.927300436,Low,Very low,Blue
NOH-002,226.7782198,6.401930572,1.333333333,1.916666665,2.25,Low,Very low,Blue
NOH-005,223.4278129,6.201299418,0.333333333,2.416666665,2.49748348,Very low,Very low,White
NOH-006,301.7029655,7.196017793,1.333333333,2.333333332,1.89748348,Medium,Very low,Blue
NOH-008,198.8559207,5.914862971,1.666666667,1.916666665,2.88917899,Medium,Very low,Blue
NOH-010,319.2518145,8.111435233,2.225564868,2.342898694,2.75,Medium,Very low,Blue
NOH-011,242.9986361,6.935289676,0.833333333,1.666666665,1.083333333,Low,Very low,Blue
NOH-013,287.5760025,7.647271496,2.666666667,1.999999998,1.627300436,Medium,Low,White
NOH-015,304.56945,8.147409841,2.333333333,2.249999998,2.696103808,Medium,Very low,White
NOH-016,309.5877171,7.023037145,1.333333333,2.499999998,2.987416608,Medium,Very low,White
NOH-018,206.5959597,5.482603238,1.625564868,2.142898694,2.654255305,Low,Very low,Blue
NOH-020,148.914778,3.718018864,1.833333333,2.666666665,2.64388975,Very low,Very low,Blue
NOH-021,215.0004851,6.087023388,2.166666667,2.416666665,2.75,Very low,Very low,Blue
NOH-022,247.2435235,6.355678136,0.548107598,2.20593905,2.395599283,Low,Very low,Blue
NOH-025,252.0661307,6.519239205,1.333333333,2.583333332,3.027300436,Low,Very low,Blue
NOH-026,223.8212382,7.268624158,1.333333333,2.416666665,2.38917899,Very low,Very low,Blue
NOH-027,277.73383,6.835804237,1.333333333,2.083333332,2.583333333,Low,Very low,Blue
NOH-028,224.340545,5.979609517,1.46577511,2.022988375,2.277300436,Low,Very low,Blue
NOH-033,252.9520507,6.676028746,1.5,2.499999998,2.833333333,Low,Very low,White
NOH-034,199.2164647,6.031269768,1.333333333,1.833333332,2.49748348,Low,Very low,White
NOH-035,197.1168575,5.344724041,1.5,2.416666665,1.692746562,Low,Very low,White
NOH-037,346.9947709,8.21165753,2.166666667,2.749999998,2.896103808,Medium,Low,Blue
NOH-039,273.6745259,7.273961544,1.333333333,2.499999998,2.79748348,Low,Very low,Blue
NOH-040,330.3293307,8.088646457,1.916666667,2.499999998,2.408239713,Low,Very low,White
NOH-045,252.1723437,7.304411419,2,1.666666665,1.530979895,Medium,Very low,White
NOH-046,265.0265057,7.575155575,2.199503474,2.147163678,2.5,Medium,Very low,White
OLO-001,287.5410787,7.057434403,3.102529485,1.383135769,1.916666667,Low,Medium,Blue
OLO-003,314.3848,7.637937906,2.666666667,2.499999998,2.59748348,Medium,Low,Blue
OLO-004,283.1366712,7.297454089,2.5,1.749999998,2.833333333,Medium,Very low,Blue
OLO-006,299.1167663,7.64232948,3.166666667,1.833333332,1.916666667,Low,Very low,Blue
OLO-008,295.479472,8.072865793,2.829411474,1.386624739,2,Medium,Low,Blue
OLO-010,295.7376052,8.35391684,2.833333333,1.499999998,2.596103808,Medium,Very low,Blue
OLO-011,348.6190156,8.374560403,3,1.749999998,2.166666667,Medium,Medium,White
OLO-013,256.6472424,6.732889694,2.447169254,1.647064156,2.61698411,Low,Low,Blue
PG-02,297.4907852,7.159091121,2.666666667,2.083333332,2.19748348,High,Low,White
PG-03,320.2795987,8.792905353,4.025564868,1.942898694,2.416666667,Medium,Low,Blue
PG-05,265.6598215,7.055715484,2.333333333,2.333333332,2.416666667,Medium,Low,White
PG-10,185.279479,5.504922274,3.5,1.499999998,2.333333333,Medium,Low,White
PG-11,188.852305,5.288840937,2.712806143,1.32720473,2.275058748,High,Low,White
PG-13,322.1516869,8.108471509,4.025564868,2.542898694,2.416666667,Low,Medium,White
PG-17,149.5439374,4.782696546,2.666666667,1.916666665,2.666666667,Medium,Low,White
PG-19,173.9204866,5.247895655,3.5,1.499999998,2,Medium,Medium,White
PG-22,306.6330673,9.063810128,4.166666667,2.666666665,2.49748348,Medium,Medium,White
PG-24,202.5165517,5.73645523,3,2.333333332,2.39748348,Medium,Low,White
PG-29,275.7080169,7.980327466,2.948107598,1.50593905,2.08917899,Medium,Low,White
PG-31,333.0887098,7.822363789,3.666666667,2.416666665,2.333333333,Medium,Medium,Blue
PG-32,123.4347099,4.444867863,3.368069533,1.326503173,1.200984947,Low,Low,Blue
PG-34,265.6001873,5.827781066,3,1.999999998,1.916666667,Medium,Low,White
PG-36,283.0426069,6.993792279,3.833333333,2.416666665,2.19748348,Medium,Medium,Blue
PG-40,276.6767038,6.427114517,2.502648523,2.316780178,2.916666667,Medium,Low,Blue
PG-43,312.7452341,7.840658775,3.024705242,2.750574428,2.484623353,Low,Low,White
PG-49,208.2872219,5.724834138,2.840917653,2.112453565,2.333333333,Medium,Low,White
Poli,275.8286175,6.622038691,4.166666667,2.749999998,NA,Very low,NA,White
RHN-020,358.1337423,9.303112667,4.833333333,1.249999998,1.027300436,Medium,High,White
RHN-021,261.1750952,6.798513993,4.333333333,0.499999998,1.241613165,Medium,Medium,Green
RHN-022,420.0094151,9.152835387,4.348107598,1.30593905,1.327300436,High,High,Green
RHN-026,308.0974304,7.890330148,4.666666667,1.666666665,2,High,Very high,White
RHN-027,229.8280673,6.455682098,4.333333333,0.999999998,1.833333333,Medium,High,Green
RHN-028,233.0981271,6.679051494,4.166666667,1.166666665,1,Medium,Medium,Green
RHN-029,394.2183562,8.974043376,4,1.999999998,2.69588413,Very high,Medium,Green
RHN-031,260.3514249,6.72750151,4.666666667,0.333333332,1.027300436,Very high,Very high,White
RHN-036,383.654874,8.929729692,4.166666667,1.083333332,2,Very high,Medium,White
RHN-037,371.2391415,9.110287752,4,1.416666665,2.166666667,Medium,High,White
RHN-038,261.1721259,6.849596961,4.024705242,1.150574428,1.75,Medium,Medium,Green
RHN-039,199.4795031,5.938799066,4.833333333,0.583333332,0.49748348,Medium,High,Green
RHN-040,372.5990188,8.731722389,4.5,1.249999998,1.666666667,High,Medium,Blue
RHN-041,377.1059085,8.533790454,5,1.166666665,0.927300436,Medium,Very high,Green
97549,250.8300721,6.993356163,4.666666667,1.541666665,2.083333333,Medium,High,Blue
SN-1,353.5574245,8.236644501,4.333333333,0.999999998,1.25,Very high,Medium,White
SN-12,311.3234144,7.730742023,3.333333333,1.499999998,2.083333333,Medium,High,White
SN-14,368.9008772,8.641016025,3.354949564,2.206359984,2.583333333,High,High,White
SN-16,276.1109803,7.325066225,3.047169254,1.647064156,2.09748348,Medium,Medium,White
SN-17,353.2526846,8.581421576,2.666666667,1.166666665,1.25,High,Very low,White
SN-18,397.0525349,10.01652657,3,1.416666665,2.327300436,Very high,Low,White
SN-19,396.5274941,9.252483903,2.824705242,1.750574428,2.68917899,Very high,Medium,White
SN-2,314.8792997,8.315096928,3.833333333,0.916666665,0.68917899,High,Medium,White
SN-20,423.9072945,9.395529074,4,1.916666665,2,Very high,Medium,White
SN-21,394.7885238,8.79356294,2.999503474,1.747163678,2.527300436,High,Low,White
SN-22,325.1949751,8.77271635,2.024705242,1.050574428,1.862550797,High,Very low,White
SN-23,311.0137495,7.367977687,2.5,1.499999998,2.25,High,Low,White
SN-24,409.6871116,9.849145157,3.625564868,1.842898694,2.583333333,High,Medium,Blue
SN-25,313.1780588,8.11761879,4.333333333,0.999999998,2.083333333,Very high,High,Green
SN-26,338.0914832,8.215958428,3.840917653,1.487453565,2.666666667,Very high,Medium,White
SN-29,346.0530822,7.981425463,3.047169254,1.647064156,2.427300436,High,Low,White
SN-3,327.4043568,8.598015578,2.5,1.550574428,2.333333333,High,Medium,White
SN-31,322.9478377,8.232589332,3.416666667,1.624999998,2.458333333,High,Medium,White
SN-33,419.9260335,8.993048788,3.666666667,1.749999998,2.583333333,Very high,Medium,White
SN-34,326.7553887,7.607978993,3.869457277,1.314600798,1.895833333,High,Medium,Green
SN-38,284.9509724,7.343476327,1.974568508,1.696168018,2.737416608,High,Low,Green
SN-4,398.9034302,8.748555192,2.224705242,1.550574428,2.583333333,High,Low,White
SN-40,412.736456,9.454627671,3.971366811,1.436310266,2.666666667,High,Medium,Blue
SN-42,422.3942573,9.24228321,4.666666667,1.666666665,1.827300436,Very high,High,Blue
SN-43,362.6136746,9.179640711,4.047169254,1.347064156,1.416666667,High,High,White
SN-44,339.9938943,8.53232941,4.548107598,1.80593905,2.416666667,Very high,High,White
SN-45,263.5747653,7.015005735,4,1.499999998,2.666666667,Very high,High,White
SN-5,319.1049295,8.273092381,3.666666667,1.416666665,2.327300436,Very high,Medium,White
SN-7,334.0109605,8.017666407,4.666666667,1.916666665,2.404255305,High,Very high,White
SN-8,421.9204853,9.435312252,4.333333333,1.916666665,2.296103808,Very high,High,Green
SPM-004,297.6889656,6.827473717,3.247169254,1.347064156,1.09748348,Low,Medium,White
SPM-006,184.2740602,5.778560202,1,1.249999998,1.28917899,Low,Very low,Green
SPM-008,328.8926925,7.701882596,3.5,1.666666665,1.796103808,High,Medium,White
SPM-010,339.4095176,7.934396161,3.5,1.249999998,1.5,High,High,White
SPM-011,320.5114908,7.363342509,4.333333333,1.416666665,2,Medium,High,Green
SPM-012,289.2332506,7.203041023,3.199503474,1.347163678,1.916666667,Medium,Medium,White
SPM-013,192.9300759,5.882525528,2.833333333,1.416666665,1.727300436,Low,Very low,White
SPM-016,319.9935479,7.018690868,3.333333333,1.499999998,2.29748348,High,Low,Green
SPM-018,307.5199318,6.92075353,4,1.499999998,2.083333333,High,High,White
SPM-019,283.4887484,6.833842366,2.666666667,1.333333332,1.606603498,Medium,Low,White
SPM-020,284.1660775,6.797988227,4,1.249999998,1.5,Medium,Medium,White
SPM-023,396.4405432,8.816205742,2.166666667,1.583333332,1.75,Medium,Very low,Blue
SPM-026,317.7987159,7.278709746,1.166666667,0.749999998,0.98917899,Medium,Low,Green
SPM-027,294.1402603,6.395127567,2.333333333,2.583333332,2.69748348,Medium,Very low,Green
SPM-028,281.7872718,6.573934878,3.333333333,1.166666665,2.333333333,Low,Medium,White
SPM-033,343.8412463,7.29646676,2,1.083333332,0.86698411,Medium,Very low,Green
SPM-034,255.8374118,6.746018654,1.5,1.416666665,1.416666667,Low,Very low,White
SPM-037,266.9095594,6.465601584,2.666666667,1.249999998,1.666666667,High,Medium,White
SPM-040,327.2980423,7.871708859,3.024705242,1.350574428,2.297186724,Medium,Medium,Blue
SPM-041,296.3919519,6.805056205,3.666666667,1.083333332,1.196103808,Medium,Low,Green
SPM-045,182.5309157,5.897395073,4.166666667,0.847064156,1.79748348,High,Medium,White
SPM-050,295.2376576,7.143444352,1.5,0.833333332,0.916666667,Medium,Very low,White
SPM-053,291.233567,6.940532487,3,1.499999998,2.166666667,Medium,Medium,White
SPM-054,306.2736956,8.054116818,2.333333333,1.999999998,2.25,Low,Low,White
SPM-057,266.7592905,7.411609142,2.548107598,1.60593905,2.88917899,Medium,Low,White
SSN-001,273.1253148,7.422887802,2.5,1.499999998,1.25,Low,Very low,White
SSN-002,325.1714629,8.126924679,3.833333333,1.499999998,1.416666667,Medium,Very low,Blue
SSN-004,268.1108922,6.578072404,2.5,1.749999998,1.38917899,Low,Low,Blue
SSN-005,309.4517138,7.344763227,2.333333333,2.499999998,1.927300436,Very low,Low,Blue
SSN-006,325.1941856,8.13448118,1.954949564,1.906359984,2.666666667,Very low,Very low,Blue
SSN-009,325.5813013,8.585799329,2.833333333,1.583333332,1.083333333,Low,Very low,Blue
SSN-011,310.8204313,8.579640005,2.166666667,1.166666665,1.697186724,Medium,Low,Blue
SSN-013,322.5876795,7.916836941,2.599503474,2.147163678,2.25,Medium,Very low,Blue
SSN-014,289.0461294,7.417379687,2.225564868,1.342898694,2.666666667,Low,Very low,Blue
SSN-015,298.8151243,7.895696124,2,2.249999998,2.666666667,Medium,Very low,Blue
SSN-016,224.9681425,7.253629112,2.833333333,0.999999998,0.583333333,Medium,Very low,Blue
SSN-017,298.7129764,7.355449243,2.333333333,1.499999998,1.527300436,Medium,Very low,Blue
STR-001,285.6784304,7.613925986,4.425564868,1.342898694,2.108328088,High,Medium,White
STR-002,271.7702197,7.155990793,4.354949564,0.606359984,1.166666667,Medium,Medium,White
STR-004,268.7453997,7.085136887,3.025564868,0.542898694,1.19748348,Medium,Medium,White
STR-010,327.6889109,7.965267543,3.166666667,1.083333332,1.596103808,Medium,Low,White
STR-011,265.4860766,8.136418406,3.839622388,0.385029161,1.047196766,High,High,White
STR-013,217.6250214,6.395102195,4.166666667,0.499999998,1,Medium,High,Green
STR-015,275.9547167,7.92021157,4.333333333,1.249999998,1.597186724,High,High,White
STR-016,350.2186349,8.109059509,4.666666667,1.249999998,0.796103808,Medium,Medium,White
STR-018,321.9194295,7.537953971,4,1.499999998,1.839826987,High,Medium,White
STR-020,260.0431614,6.817893142,4.166666667,0.916666665,0.69748348,Medium,Very high,Green
STR-022,327.0315963,8.144562877,3.666666667,0.749999998,1.427300436,High,Medium,Green
STR-025,264.5764163,6.850613555,4.166666667,1.499999998,1.083333333,High,High,White
TBG-047,284.2548669,7.19204166,4.833333333,0.499999998,1.25,High,Very high,White
TBG-048,267.9457608,7.019083684,4.666666667,1.166666665,0.833333333,High,High,White
TRB-003,307.6189884,7.9277359,1.943066298,1.81690458,2.333333333,Medium,Very low,Blue
TRB-004,281.6257308,7.577968943,1.833333333,1.249999998,2.583333333,High,Very low,White
TRB-005,301.013948,7.089284462,1.666666667,1.749999998,1.99748348,Medium,Very low,White
VDL-001,284.1670742,7.205982111,4.166666667,1.416666665,2.392746562,Medium,Medium,White
VDL-004,274.9093222,6.131158174,3.5,1.416666665,1.79748348,Medium,Low,White
VDL-005,227.765999,6.060787471,2.833333333,1.291666665,1.25,Low,Very low,White
VDL-007,218.2715212,6.467358737,2.333333333,1.142898694,1.083333333,Medium,Low,Blue
VDL-009,217.4215208,5.193629651,2.166666667,0.833333332,0.996103808,Low,Low,White
VDL-013,227.9065742,5.92115199,2.333333333,1.166666665,2.796103808,Medium,Low,White
VDL-014,229.5422199,6.007137993,4.333333333,1.083333332,1.227300436,Low,High,White
VDL-016,310.7847998,7.033760777,3.833333333,1.083333332,2.333333333,Medium,Medium,Green
VDL-017,309.1064414,7.197910254,3.166666667,1.499999998,2.596103808,Medium,Low,White
VDL-018,270.0851013,6.70366103,2.166666667,1.499999998,1.28917899,Very low,Low,White
VDL-020,205.440984,5.482434457,0.666666667,1.166666665,1.36698411,Low,Very low,White
VDL-021,320.0704185,6.678426418,2.166666667,1.499999998,2.280979895,Medium,Very low,White
VDL-023,261.9654006,6.513505028,2.5,1.333333332,1.25,Low,Very low,White
VDL-024,287.8165294,7.322552835,1,1.416666665,1.29748348,Medium,Very low,White
VDL-026,315.7343011,7.047804159,4.333333333,1.666666665,2.40560895,Medium,Very high,White
VDL-027,278.0829742,8.224172619,4,1.499999998,2.666666667,High,High,Blue
VDL-028,233.8621061,5.926827486,2.08984312,1.33999762,1.596103808,Low,Low,Blue
VDL-029,264.0830318,6.421899651,3,1.083333332,2.327300436,Medium,Low,White
VDL-030,237.9043586,6.655237129,4.166666667,0.999999998,2,Medium,Medium,White
VDL-031,244.5899108,8.169949405,2.96601605,1.82064185,1.166666667,Medium,Low,White
VDL-032,310.2312226,7.34469747,3.002648523,1.316780178,1.416666667,Low,Low,White
VDL-034,268.0393266,6.799219029,2.833333333,1.166666665,0.796103808,Medium,Very low,Green
VDL-035,235.1438106,5.666836288,2,0.749999998,0.833333333,Medium,Low,White
VDL-036,292.2689943,7.00383122,3.333333333,1.666666665,2.25,Low,Medium,White
VDL-037,290.499596,7.31377212,3.833333333,1.583333332,2.75,Medium,Low,White
VDL-038,308.2684518,7.937700564,2.825564868,1.542898694,2.696103808,Low,Low,White
VDL-039,296.5734508,7.044095918,3,1.416666665,1.99748348,Medium,Very low,Green
VDL-040,239.3087402,5.757808323,0.916666667,1.374999998,2.194227471,Medium,Very low,White
VDL-043,314.6412011,7.480991464,2.999503474,1.747163678,1.827300436,Medium,Low,Blue
VDL-045,277.5365664,6.743082344,3.5,1.583333332,2.083333333,Medium,Medium,Green
VDL-046,236.6697472,5.711389839,4.333333333,0.916666665,1.166666667,Medium,High,Green
VDL-047,287.3126893,6.316592793,3.5,1.499999998,2.827300436,Medium,Medium,Green
VDL-052,238.471877,6.23101279,3.225564868,1.042898694,1.333333333,Low,Low,Blue
